crop_id,country_name,crop,scientific_name,variety,agroecological_zone,agroecological_zone_description,agroecological_zone_practices,agroecological_zone_units,additional_information,early_sowing_day,early_sowing_month,later_sowing_day,later_sowing_month,all_year,sowing_rate_value,sowing_rate_unit,growing_period_value,growing_period_period,early_harvest_day,early_harvest_month,late_harvest_day,late_harvest_month,flood_tolerance_class,drought_tolerance_class,soil_preference,soil_ph_range,waterlogging_tolerance,temperature_range_c,yield_potential_t_ha,market_notes,comments_en,source,version,data_license
579542df-3edf-4390-a079-412c78e4cb41,Kenya,Sorghum,Sorghum bicolor,Sorghum_var_3,LH1,Maize/Coffee/Tea Highland with high production potential,"[""Use improved varieties"", ""Conserve moisture"", ""Crop rotation"", ""Integrated pest management"", ""Apply organic matter""]",metric,Moderately Suitable for LH1,10,3,17,5,False,45.5170542807342,kg/ha,137,days,6,10,27,6,Medium,High,"loam, sandy loam",5.5-7.5,Low,20-40,1.5-3.0,Good market demand in flood-prone regions,Suitable for LH1 with Medium flood tolerance,KALRO,1.0,CC-BY
1718709c-847e-484d-b8df-4abf33f986b1,Kenya,Sorghum,Sorghum bicolor,Sorghum_var_4,LH2,Maize/Coffee/Tea Highland with medium production potential,"[""Use improved varieties"", ""Conserve moisture"", ""Crop rotation"", ""Integrated pest management"", ""Apply organic matter""]",metric,Moderately Suitable for LH2,9,11,19,2,False,39.166994333865695,kg/ha,64,days,6,7,20,11,Medium,High,"loam, sandy loam",5.5-7.5,Low,20-40,1.5-3.0,Good market demand in flood-prone regions,Suitable for LH2 with Medium flood tolerance,literature,1.0,CC-BY
87c4054e-6a2d-4f98-8b23-afa50b864d57,Kenya,Sorghum,Sorghum bicolor,Sorghum_var_1,LH3,Maize/Coffee/Tea Highland with low production potential,"[""Use improved varieties"", ""Conserve moisture"", ""Crop rotation"", ""Integrated pest management"", ""Apply organic matter""]",metric,Highly Suitable for LH3,10,5,18,3,False,17.975208605839107,kg/ha,127,days,8,9,19,9,Medium,High,"loam, sandy loam",5.5-7.5,Low,20-40,1.5-3.0,Good market demand in flood-prone regions,Suitable for LH3 with Medium flood tolerance,KALRO,1.0,CC-BY
d21c2f20-9189-47d8-8f9e-add889aeaf3e,Kenya,Sorghum,Sorghum bicolor,Sorghum_var_3,UM1,Upper midland with high potential for cash crops,"[""Use improved varieties"", ""Conserve moisture"", ""Crop rotation"", ""Integrated pest management"", ""Apply organic matter""]",metric,Moderately Suitable for UM1,10,4,16,1,False,37.24382229006599,kg/ha,89,days,5,9,16,8,Medium,High,"loam, sandy loam",5.5-7.5,Low,20-40,1.5-3.0,Good market demand in flood-prone regions,Suitable for UM1 with Medium flood tolerance,literature,1.0,CC-BY
b15b8e56-c332-4ab5-89f8-40174e96b5bd,Kenya,Sorghum,Sorghum bicolor,Sorghum_var_4,UM2,Upper midland with medium potential,"[""Use improved varieties"", ""Conserve moisture"", ""Crop rotation"", ""Integrated pest management"", ""Apply organic matter""]",metric,Moderately Suitable for UM2,5,2,21,1,False,47.16798689976856,kg/ha,64,days,8,2,28,8,Medium,High,"loam, sandy loam",5.5-7.5,Low,20-40,1.5-3.0,Good market demand in flood-prone regions,Suitable for UM2 with Medium flood tolerance,KALRO,1.0,CC-BY
ff90b9b4-fa41-4134-956c-38eb419bfb63,Kenya,Sorghum,Sorghum bicolor,Sorghum_var_1,UM3,Upper midland with low potential,"[""Use improved varieties"", ""Conserve moisture"", ""Crop rotation"", ""Integrated pest management"", ""Apply organic matter""]",metric,Highly Suitable for UM3,10,2,26,10,False,46.48424134010931,kg/ha,146,days,3,11,19,1,Medium,High,"loam, sandy loam",5.5-7.5,Low,20-40,1.5-3.0,Good market demand in flood-prone regions,Suitable for UM3 with Medium flood tolerance,literature,1.0,CC-BY
807fe610-9d48-48c9-9257-0122d9ae7c44,Kenya,Sorghum,Sorghum bicolor,Sorghum_var_2,LM1,Lower midland with high potential for maize/cotton,"[""Use improved varieties"", ""Conserve moisture"", ""Crop rotation"", ""Integrated pest management"", ""Apply organic matter""]",metric,Highly Suitable for LM1,3,1,20,11,False,46.237660968459885,kg/ha,124,days,11,4,18,6,Medium,High,"loam, sandy loam",5.5-7.5,Low,20-40,1.5-3.0,Good market demand in flood-prone regions,Suitable for LM1 with Medium flood tolerance,literature,1.0,CC-BY
3df6be41-eb30-4619-8900-f05542155a7c,Kenya,Sorghum,Sorghum bicolor,Sorghum_var_5,LM2,Lower midland with medium potential,"[""Use improved varieties"", ""Conserve moisture"", ""Crop rotation"", ""Integrated pest management"", ""Apply organic matter""]",metric,Moderately Suitable for LM2,5,4,19,6,False,18.174426543719687,kg/ha,164,days,8,3,26,6,Medium,High,"loam, sandy loam",5.5-7.5,Low,20-40,1.5-3.0,Good market demand in flood-prone regions,Suitable for LM2 with Medium flood tolerance,FAO,1.0,CC-BY
1c650692-ae18-40ea-a96d-b308719dde58,Kenya,Sorghum,Sorghum bicolor,Sorghum_var_4,LM3,Lower midland with low potential,"[""Use improved varieties"", ""Conserve moisture"", ""Crop rotation"", ""Integrated pest management"", ""Apply organic matter""]",metric,Suitable for LM3,6,4,25,5,False,27.336005485460852,kg/ha,109,days,10,4,19,3,Medium,High,"loam, sandy loam",5.5-7.5,Low,20-40,1.5-3.0,Good market demand in flood-prone regions,Suitable for LM3 with Medium flood tolerance,literature,1.0,CC-BY
791f5254-0f32-4a2d-9090-c6642fd253c5,Kenya,Sorghum,Sorghum bicolor,Sorghum_var_5,AL1,Arid/Semi-arid with low livestock production,"[""Use improved varieties"", ""Conserve moisture"", ""Crop rotation"", ""Integrated pest management"", ""Apply organic matter""]",metric,Moderately Suitable for AL1,4,9,24,10,False,27.339440558548,kg/ha,72,days,4,2,19,1,Medium,High,"loam, sandy loam",5.5-7.5,Low,20-40,1.5-3.0,Good market demand in flood-prone regions,Suitable for AL1 with Medium flood tolerance,FAO,1.0,CC-BY
f9935823-07ff-4543-bef7-bc467d099eaa,Kenya,Sorghum,Sorghum bicolor,Sorghum_var_4,AL2,Arid/Semi-arid with very low production,"[""Use improved varieties"", ""Conserve moisture"", ""Crop rotation"", ""Integrated pest management"", ""Apply organic matter""]",metric,Moderately Suitable for AL2,13,2,19,4,False,46.343242370895055,kg/ha,122,days,10,1,20,4,Medium,High,"loam, sandy loam",5.5-7.5,Low,20-40,1.5-3.0,Good market demand in flood-prone regions,Suitable for AL2 with Medium flood tolerance,FAO,1.0,CC-BY
0174fed4-e4d8-4be8-b070-be3dec125024,Kenya,Millet,Eleusine coracana,Millet_var_3,LH1,Maize/Coffee/Tea Highland with high production potential,"[""Use improved varieties"", ""Conserve moisture"", ""Crop rotation"", ""Integrated pest management"", ""Apply organic matter""]",metric,Moderately Suitable for LH1,12,10,23,7,False,15.241677289795552,kg/ha,171,days,13,11,17,9,Low,High,"sandy, loam",5.5-7.5,Low,20-35,1.0-2.5,Good market demand in flood-prone regions,Suitable for LH1 with Low flood tolerance,KALRO,1.0,CC-BY
3ce60e01-3678-4eb7-ae78-da82a27a2eb5,Kenya,Millet,Eleusine coracana,Millet_var_3,LH2,Maize/Coffee/Tea Highland with medium production potential,"[""Use improved varieties"", ""Conserve moisture"", ""Crop rotation"", ""Integrated pest management"", ""Apply organic matter""]",metric,Highly Suitable for LH2,7,2,27,8,False,31.805144707066493,kg/ha,125,days,11,11,19,6,Low,High,"sandy, loam",5.5-7.5,Low,20-35,1.0-2.5,Good market demand in flood-prone regions,Suitable for LH2 with Low flood tolerance,KALRO,1.0,CC-BY
e9b4fe62-4416-4734-a205-35ff78b37136,Kenya,Millet,Eleusine coracana,Millet_var_5,LH3,Maize/Coffee/Tea Highland with low production potential,"[""Use improved varieties"", ""Conserve moisture"", ""Crop rotation"", ""Integrated pest management"", ""Apply organic matter""]",metric,Suitable for LH3,7,9,24,9,False,26.372194999701257,kg/ha,120,days,14,3,15,3,Low,High,"sandy, loam",5.5-7.5,Low,20-35,1.0-2.5,Good market demand in flood-prone regions,Suitable for LH3 with Low flood tolerance,literature,1.0,CC-BY
7ddc84b2-10d9-4bdb-9640-615be914b6b2,Kenya,Millet,Eleusine coracana,Millet_var_3,UM1,Upper midland with high potential for cash crops,"[""Use improved varieties"", ""Conserve moisture"", ""Crop rotation"", ""Integrated pest management"", ""Apply organic matter""]",metric,Highly Suitable for UM1,2,11,16,4,False,25.589860017702023,kg/ha,68,days,7,8,18,9,Low,High,"sandy, loam",5.5-7.5,Low,20-35,1.0-2.5,Good market demand in flood-prone regions,Suitable for UM1 with Low flood tolerance,literature,1.0,CC-BY
1c076e25-d8b5-4e8b-9e4a-ae4ba67dbe2a,Kenya,Millet,Eleusine coracana,Millet_var_1,UM2,Upper midland with medium potential,"[""Use improved varieties"", ""Conserve moisture"", ""Crop rotation"", ""Integrated pest management"", ""Apply organic matter""]",metric,Suitable for UM2,15,4,25,3,False,16.170376575437373,kg/ha,125,days,5,3,28,9,Low,High,"sandy, loam",5.5-7.5,Low,20-35,1.0-2.5,Good market demand in flood-prone regions,Suitable for UM2 with Low flood tolerance,literature,1.0,CC-BY
6b7339a4-bdf5-4764-974c-f58b288b8868,Kenya,Millet,Eleusine coracana,Millet_var_3,UM3,Upper midland with low potential,"[""Use improved varieties"", ""Conserve moisture"", ""Crop rotation"", ""Integrated pest management"", ""Apply organic matter""]",metric,Highly Suitable for UM3,13,12,21,7,False,28.41611161584477,kg/ha,69,days,3,6,17,9,Low,High,"sandy, loam",5.5-7.5,Low,20-35,1.0-2.5,Good market demand in flood-prone regions,Suitable for UM3 with Low flood tolerance,KALRO,1.0,CC-BY
233e1e47-d07f-4860-9fee-9170ed854b36,Kenya,Millet,Eleusine coracana,Millet_var_4,LM1,Lower midland with high potential for maize/cotton,"[""Use improved varieties"", ""Conserve moisture"", ""Crop rotation"", ""Integrated pest management"", ""Apply organic matter""]",metric,Suitable for LM1,3,6,23,12,False,46.64631834157001,kg/ha,180,days,11,11,22,3,Low,High,"sandy, loam",5.5-7.5,Low,20-35,1.0-2.5,Good market demand in flood-prone regions,Suitable for LM1 with Low flood tolerance,FAO,1.0,CC-BY
9ceaa0f6-9aa7-417b-bd3d-a1e526ed1286,Kenya,Millet,Eleusine coracana,Millet_var_1,LM2,Lower midland with medium potential,"[""Use improved varieties"", ""Conserve moisture"", ""Crop rotation"", ""Integrated pest management"", ""Apply organic matter""]",metric,Suitable for LM2,2,4,26,8,False,26.06552025651729,kg/ha,116,days,7,7,18,5,Low,High,"sandy, loam",5.5-7.5,Low,20-35,1.0-2.5,Good market demand in flood-prone regions,Suitable for LM2 with Low flood tolerance,FAO,1.0,CC-BY
1d1f8139-e1cc-4bb6-acf9-c3c62fd2e04a,Kenya,Millet,Eleusine coracana,Millet_var_3,LM3,Lower midland with low potential,"[""Use improved varieties"", ""Conserve moisture"", ""Crop rotation"", ""Integrated pest management"", ""Apply organic matter""]",metric,Highly Suitable for LM3,6,10,27,11,False,22.585932202608987,kg/ha,128,days,3,8,18,7,Low,High,"sandy, loam",5.5-7.5,Low,20-35,1.0-2.5,Good market demand in flood-prone regions,Suitable for LM3 with Low flood tolerance,literature,1.0,CC-BY
8482ef55-cf6d-46af-9fe6-7c6dbb24dbf2,Kenya,Millet,Eleusine coracana,Millet_var_2,AL1,Arid/Semi-arid with low livestock production,"[""Use improved varieties"", ""Conserve moisture"", ""Crop rotation"", ""Integrated pest management"", ""Apply organic matter""]",metric,Highly Suitable for AL1,14,5,22,8,False,42.42180336618652,kg/ha,138,days,5,10,26,3,Low,High,"sandy, loam",5.5-7.5,Low,20-35,1.0-2.5,Good market demand in flood-prone regions,Suitable for AL1 with Low flood tolerance,KALRO,1.0,CC-BY
71140bf3-45c4-4141-bc6e-218e8bbd1108,Kenya,Millet,Eleusine coracana,Millet_var_5,AL2,Arid/Semi-arid with very low production,"[""Use improved varieties"", ""Conserve moisture"", ""Crop rotation"", ""Integrated pest management"", ""Apply organic matter""]",metric,Suitable for AL2,14,3,28,12,False,47.66840060080113,kg/ha,164,days,8,12,28,1,Low,High,"sandy, loam",5.5-7.5,Low,20-35,1.0-2.5,Good market demand in flood-prone regions,Suitable for AL2 with Low flood tolerance,KALRO,1.0,CC-BY
21603b48-6c7b-4458-8ef6-368aba726d0c,Kenya,Arrowroot,Maranta arundinacea,Arrowroot_var_3,LH1,Maize/Coffee/Tea Highland with high production potential,"[""Use improved varieties"", ""Conserve moisture"", ""Crop rotation"", ""Integrated pest management"", ""Apply organic matter""]",metric,Highly Suitable for LH1,2,9,15,6,False,21.727546095467076,kg/ha,83,days,15,11,18,12,High,Low,"loam, clay loam",5.5-7.5,High,20-30,8.0-15.0,Good market demand in flood-prone regions,Suitable for LH1 with High flood tolerance,literature,1.0,CC-BY
2e5e4d96-7fb6-4c1e-bec4-b76678f6c8d5,Kenya,Arrowroot,Maranta arundinacea,Arrowroot_var_3,LH2,Maize/Coffee/Tea Highland with medium production potential,"[""Use improved varieties"", ""Conserve moisture"", ""Crop rotation"", ""Integrated pest management"", ""Apply organic matter""]",metric,Moderately Suitable for LH2,10,1,18,7,False,34.176236886463855,kg/ha,159,days,3,12,24,12,High,Low,"loam, clay loam",5.5-7.5,High,20-30,8.0-15.0,Good market demand in flood-prone regions,Suitable for LH2 with High flood tolerance,FAO,1.0,CC-BY
f6a566d4-3056-4fef-8cf5-dfd95c18d915,Kenya,Arrowroot,Maranta arundinacea,Arrowroot_var_1,LH3,Maize/Coffee/Tea Highland with low production potential,"[""Use improved varieties"", ""Conserve moisture"", ""Crop rotation"", ""Integrated pest management"", ""Apply organic matter""]",metric,Moderately Suitable for LH3,13,4,20,4,False,33.84450984075475,kg/ha,71,days,11,2,28,9,High,Low,"loam, clay loam",5.5-7.5,High,20-30,8.0-15.0,Good market demand in flood-prone regions,Suitable for LH3 with High flood tolerance,FAO,1.0,CC-BY
b1aa7a40-801c-482b-9ff6-003abc02885d,Kenya,Arrowroot,Maranta arundinacea,Arrowroot_var_1,UM1,Upper midland with high potential for cash crops,"[""Use improved varieties"", ""Conserve moisture"", ""Crop rotation"", ""Integrated pest management"", ""Apply organic matter""]",metric,Moderately Suitable for UM1,3,1,15,2,False,17.591046449250904,kg/ha,94,days,10,12,23,7,High,Low,"loam, clay loam",5.5-7.5,High,20-30,8.0-15.0,Good market demand in flood-prone regions,Suitable for UM1 with High flood tolerance,KALRO,1.0,CC-BY
bcb6dbe4-ed67-4a8c-a84c-807ab9acfb01,Kenya,Arrowroot,Maranta arundinacea,Arrowroot_var_1,UM2,Upper midland with medium potential,"[""Use improved varieties"", ""Conserve moisture"", ""Crop rotation"", ""Integrated pest management"", ""Apply organic matter""]",metric,Highly Suitable for UM2,12,7,25,4,False,29.583778774865937,kg/ha,121,days,10,10,17,11,High,Low,"loam, clay loam",5.5-7.5,High,20-30,8.0-15.0,Good market demand in flood-prone regions,Suitable for UM2 with High flood tolerance,literature,1.0,CC-BY
a2e478a1-763b-4742-b867-6b2c9fe8fbce,Kenya,Arrowroot,Maranta arundinacea,Arrowroot_var_5,UM3,Upper midland with low potential,"[""Use improved varieties"", ""Conserve moisture"", ""Crop rotation"", ""Integrated pest management"", ""Apply organic matter""]",metric,Highly Suitable for UM3,9,2,24,10,False,39.977331944191484,kg/ha,127,days,15,6,25,10,High,Low,"loam, clay loam",5.5-7.5,High,20-30,8.0-15.0,Good market demand in flood-prone regions,Suitable for UM3 with High flood tolerance,literature,1.0,CC-BY
c48ed759-5fe6-4329-8892-48a128eefe5d,Kenya,Arrowroot,Maranta arundinacea,Arrowroot_var_5,LM1,Lower midland with high potential for maize/cotton,"[""Use improved varieties"", ""Conserve moisture"", ""Crop rotation"", ""Integrated pest management"", ""Apply organic matter""]",metric,Suitable for LM1,6,10,28,6,False,43.84168357577127,kg/ha,139,days,11,5,16,2,High,Low,"loam, clay loam",5.5-7.5,High,20-30,8.0-15.0,Good market demand in flood-prone regions,Suitable for LM1 with High flood tolerance,FAO,1.0,CC-BY
17cc4749-0f41-4f95-b867-b714955846b8,Kenya,Arrowroot,Maranta arundinacea,Arrowroot_var_2,LM2,Lower midland with medium potential,"[""Use improved varieties"", ""Conserve moisture"", ""Crop rotation"", ""Integrated pest management"", ""Apply organic matter""]",metric,Suitable for LM2,3,2,19,1,False,25.26363973614549,kg/ha,90,days,5,12,23,7,High,Low,"loam, clay loam",5.5-7.5,High,20-30,8.0-15.0,Good market demand in flood-prone regions,Suitable for LM2 with High flood tolerance,FAO,1.0,CC-BY
c3adb8ca-bbdb-4682-9caa-e334f7665431,Kenya,Arrowroot,Maranta arundinacea,Arrowroot_var_4,LM3,Lower midland with low potential,"[""Use improved varieties"", ""Conserve moisture"", ""Crop rotation"", ""Integrated pest management"", ""Apply organic matter""]",metric,Suitable for LM3,3,4,20,7,False,49.43855411708576,kg/ha,102,days,1,11,23,3,High,Low,"loam, clay loam",5.5-7.5,High,20-30,8.0-15.0,Good market demand in flood-prone regions,Suitable for LM3 with High flood tolerance,FAO,1.0,CC-BY
f10ae5d9-a098-425e-a2a0-a067b0ef3d7a,Kenya,Arrowroot,Maranta arundinacea,Arrowroot_var_5,AL1,Arid/Semi-arid with low livestock production,"[""Use improved varieties"", ""Conserve moisture"", ""Crop rotation"", ""Integrated pest management"", ""Apply organic matter""]",metric,Highly Suitable for AL1,14,7,18,11,False,19.071147873908107,kg/ha,124,days,11,11,28,4,High,Low,"loam, clay loam",5.5-7.5,High,20-30,8.0-15.0,Good market demand in flood-prone regions,Suitable for AL1 with High flood tolerance,FAO,1.0,CC-BY
7038ac99-f3a4-4228-ae4d-e8e0b6607be3,Kenya,Arrowroot,Maranta arundinacea,Arrowroot_var_3,AL2,Arid/Semi-arid with very low production,"[""Use improved varieties"", ""Conserve moisture"", ""Crop rotation"", ""Integrated pest management"", ""Apply organic matter""]",metric,Suitable for AL2,10,3,18,2,False,15.954425885084646,kg/ha,101,days,7,12,24,1,High,Low,"loam, clay loam",5.5-7.5,High,20-30,8.0-15.0,Good market demand in flood-prone regions,Suitable for AL2 with High flood tolerance,FAO,1.0,CC-BY
6e549c46-8abf-4162-bf65-30d34be4ed88,Kenya,Rice,Oryza sativa,Rice_var_4,LH1,Maize/Coffee/Tea Highland with high production potential,"[""Use improved varieties"", ""Conserve moisture"", ""Crop rotation"", ""Integrated pest management"", ""Apply organic matter""]",metric,Highly Suitable for LH1,7,10,28,10,False,34.81724685725884,kg/ha,124,days,15,10,21,12,High,Low,"clay, clay loam",5.5-7.5,High,20-32,2.0-4.0,Good market demand in flood-prone regions,Suitable for LH1 with High flood tolerance,KALRO,1.0,CC-BY
fe60bf69-ef3f-4546-8dfe-a0f8ade2ea7f,Kenya,Rice,Oryza sativa,Rice_var_5,LH2,Maize/Coffee/Tea Highland with medium production potential,"[""Use improved varieties"", ""Conserve moisture"", ""Crop rotation"", ""Integrated pest management"", ""Apply organic matter""]",metric,Highly Suitable for LH2,4,5,23,2,False,24.99698481516173,kg/ha,91,days,4,7,19,4,High,Low,"clay, clay loam",5.5-7.5,High,20-32,2.0-4.0,Good market demand in flood-prone regions,Suitable for LH2 with High flood tolerance,FAO,1.0,CC-BY
087b2658-924f-4f7b-84f1-8c175e31a87f,Kenya,Rice,Oryza sativa,Rice_var_4,LH3,Maize/Coffee/Tea Highland with low production potential,"[""Use improved varieties"", ""Conserve moisture"", ""Crop rotation"", ""Integrated pest management"", ""Apply organic matter""]",metric,Moderately Suitable for LH3,5,8,17,3,False,45.695707351251954,kg/ha,138,days,11,5,20,3,High,Low,"clay, clay loam",5.5-7.5,High,20-32,2.0-4.0,Good market demand in flood-prone regions,Suitable for LH3 with High flood tolerance,KALRO,1.0,CC-BY
d332c27b-f8c1-4b07-9339-f971ea81eddd,Kenya,Rice,Oryza sativa,Rice_var_4,UM1,Upper midland with high potential for cash crops,"[""Use improved varieties"", ""Conserve moisture"", ""Crop rotation"", ""Integrated pest management"", ""Apply organic matter""]",metric,Suitable for UM1,11,10,17,4,False,21.839583644244854,kg/ha,180,days,12,11,25,4,High,Low,"clay, clay loam",5.5-7.5,High,20-32,2.0-4.0,Good market demand in flood-prone regions,Suitable for UM1 with High flood tolerance,literature,1.0,CC-BY
1dd5e4fe-871b-4f65-8f39-305c17a91fc4,Kenya,Rice,Oryza sativa,Rice_var_3,UM2,Upper midland with medium potential,"[""Use improved varieties"", ""Conserve moisture"", ""Crop rotation"", ""Integrated pest management"", ""Apply organic matter""]",metric,Highly Suitable for UM2,14,5,16,8,False,32.99015425766916,kg/ha,149,days,9,5,25,1,High,Low,"clay, clay loam",5.5-7.5,High,20-32,2.0-4.0,Good market demand in flood-prone regions,Suitable for UM2 with High flood tolerance,FAO,1.0,CC-BY
562270f4-b1c3-4b08-a295-d96ccd24c611,Kenya,Rice,Oryza sativa,Rice_var_3,UM3,Upper midland with low potential,"[""Use improved varieties"", ""Conserve moisture"", ""Crop rotation"", ""Integrated pest management"", ""Apply organic matter""]",metric,Suitable for UM3,4,10,25,6,False,36.6798480013851,kg/ha,158,days,11,4,27,8,High,Low,"clay, clay loam",5.5-7.5,High,20-32,2.0-4.0,Good market demand in flood-prone regions,Suitable for UM3 with High flood tolerance,literature,1.0,CC-BY
b0968bbd-9f9e-4fa9-b07d-456679e83764,Kenya,Rice,Oryza sativa,Rice_var_2,LM1,Lower midland with high potential for maize/cotton,"[""Use improved varieties"", ""Conserve moisture"", ""Crop rotation"", ""Integrated pest management"", ""Apply organic matter""]",metric,Highly Suitable for LM1,14,4,18,5,False,35.45724084973586,kg/ha,131,days,4,12,24,12,High,Low,"clay, clay loam",5.5-7.5,High,20-32,2.0-4.0,Good market demand in flood-prone regions,Suitable for LM1 with High flood tolerance,literature,1.0,CC-BY
52d2685b-3593-4724-a3a2-0ee62c8fdc36,Kenya,Rice,Oryza sativa,Rice_var_1,LM2,Lower midland with medium potential,"[""Use improved varieties"", ""Conserve moisture"", ""Crop rotation"", ""Integrated pest management"", ""Apply organic matter""]",metric,Highly Suitable for LM2,12,4,17,3,False,34.62848318881794,kg/ha,98,days,7,3,17,5,High,Low,"clay, clay loam",5.5-7.5,High,20-32,2.0-4.0,Good market demand in flood-prone regions,Suitable for LM2 with High flood tolerance,FAO,1.0,CC-BY
521cc09b-1c4e-41ac-919b-bf4b735d0952,Kenya,Rice,Oryza sativa,Rice_var_5,LM3,Lower midland with low potential,"[""Use improved varieties"", ""Conserve moisture"", ""Crop rotation"", ""Integrated pest management"", ""Apply organic matter""]",metric,Suitable for LM3,1,2,15,1,False,27.65725961477522,kg/ha,113,days,2,1,16,8,High,Low,"clay, clay loam",5.5-7.5,High,20-32,2.0-4.0,Good market demand in flood-prone regions,Suitable for LM3 with High flood tolerance,literature,1.0,CC-BY
938ebeae-db20-4cb2-84ae-1cec00605c21,Kenya,Rice,Oryza sativa,Rice_var_2,AL1,Arid/Semi-arid with low livestock production,"[""Use improved varieties"", ""Conserve moisture"", ""Crop rotation"", ""Integrated pest management"", ""Apply organic matter""]",metric,Suitable for AL1,4,9,23,11,False,19.46029210527531,kg/ha,178,days,12,4,22,7,High,Low,"clay, clay loam",5.5-7.5,High,20-32,2.0-4.0,Good market demand in flood-prone regions,Suitable for AL1 with High flood tolerance,literature,1.0,CC-BY
477054a3-9ba7-4c58-a662-6f93a1ecd7c5,Kenya,Rice,Oryza sativa,Rice_var_2,AL2,Arid/Semi-arid with very low production,"[""Use improved varieties"", ""Conserve moisture"", ""Crop rotation"", ""Integrated pest management"", ""Apply organic matter""]",metric,Highly Suitable for AL2,12,7,16,10,False,39.63553249187128,kg/ha,79,days,10,10,28,1,High,Low,"clay, clay loam",5.5-7.5,High,20-32,2.0-4.0,Good market demand in flood-prone regions,Suitable for AL2 with High flood tolerance,literature,1.0,CC-BY
86a25394-76e5-45bf-843a-95ea3d3c9672,Kenya,Maize,Zea mays,Maize_var_3,LH1,Maize/Coffee/Tea Highland with high production potential,"[""Use improved varieties"", ""Conserve moisture"", ""Crop rotation"", ""Integrated pest management"", ""Apply organic matter""]",metric,Highly Suitable for LH1,2,7,22,1,False,28.74331313018665,kg/ha,171,days,2,11,18,3,Low,Medium,"loam, clay loam",5.5-7.5,Low,18-30,3.0-8.0,Good market demand in flood-prone regions,Suitable for LH1 with Low flood tolerance,KALRO,1.0,CC-BY
37c5bdc2-4b07-4e44-b32a-e419996eed61,Kenya,Maize,Zea mays,Maize_var_4,LH2,Maize/Coffee/Tea Highland with medium production potential,"[""Use improved varieties"", ""Conserve moisture"", ""Crop rotation"", ""Integrated pest management"", ""Apply organic matter""]",metric,Highly Suitable for LH2,13,10,18,9,False,21.240232656742684,kg/ha,163,days,1,3,24,11,Low,Medium,"loam, clay loam",5.5-7.5,Low,18-30,3.0-8.0,Good market demand in flood-prone regions,Suitable for LH2 with Low flood tolerance,literature,1.0,CC-BY
54345979-c913-4331-9953-c7f7233af1ee,Kenya,Maize,Zea mays,Maize_var_2,LH3,Maize/Coffee/Tea Highland with low production potential,"[""Use improved varieties"", ""Conserve moisture"", ""Crop rotation"", ""Integrated pest management"", ""Apply organic matter""]",metric,Suitable for LH3,5,2,21,5,False,33.57042715592895,kg/ha,66,days,11,3,19,4,Low,Medium,"loam, clay loam",5.5-7.5,Low,18-30,3.0-8.0,Good market demand in flood-prone regions,Suitable for LH3 with Low flood tolerance,literature,1.0,CC-BY
e9eebdf0-ba7e-457a-b0be-487200c4a0b0,Kenya,Maize,Zea mays,Maize_var_4,UM1,Upper midland with high potential for cash crops,"[""Use improved varieties"", ""Conserve moisture"", ""Crop rotation"", ""Integrated pest management"", ""Apply organic matter""]",metric,Highly Suitable for UM1,9,7,22,9,False,22.732849976762175,kg/ha,156,days,12,2,24,11,Low,Medium,"loam, clay loam",5.5-7.5,Low,18-30,3.0-8.0,Good market demand in flood-prone regions,Suitable for UM1 with Low flood tolerance,KALRO,1.0,CC-BY
243d8a5f-30a5-41d0-9776-3e0f0147817a,Kenya,Maize,Zea mays,Maize_var_4,UM2,Upper midland with medium potential,"[""Use improved varieties"", ""Conserve moisture"", ""Crop rotation"", ""Integrated pest management"", ""Apply organic matter""]",metric,Suitable for UM2,8,3,22,4,False,30.824623422163867,kg/ha,179,days,8,9,17,5,Low,Medium,"loam, clay loam",5.5-7.5,Low,18-30,3.0-8.0,Good market demand in flood-prone regions,Suitable for UM2 with Low flood tolerance,FAO,1.0,CC-BY
01be52c3-7d73-4dd3-9985-c826c45ee888,Kenya,Maize,Zea mays,Maize_var_5,UM3,Upper midland with low potential,"[""Use improved varieties"", ""Conserve moisture"", ""Crop rotation"", ""Integrated pest management"", ""Apply organic matter""]",metric,Suitable for UM3,13,12,19,7,False,24.100828408174593,kg/ha,117,days,10,2,19,4,Low,Medium,"loam, clay loam",5.5-7.5,Low,18-30,3.0-8.0,Good market demand in flood-prone regions,Suitable for UM3 with Low flood tolerance,KALRO,1.0,CC-BY
95cd79bd-6961-4dd0-ab8b-055de2349e52,Kenya,Maize,Zea mays,Maize_var_2,LM1,Lower midland with high potential for maize/cotton,"[""Use improved varieties"", ""Conserve moisture"", ""Crop rotation"", ""Integrated pest management"", ""Apply organic matter""]",metric,Suitable for LM1,1,5,27,4,False,46.9464154648255,kg/ha,118,days,15,8,23,10,Low,Medium,"loam, clay loam",5.5-7.5,Low,18-30,3.0-8.0,Good market demand in flood-prone regions,Suitable for LM1 with Low flood tolerance,KALRO,1.0,CC-BY
ccc1fc68-272e-4d01-9cbb-37cb5cb2d905,Kenya,Maize,Zea mays,Maize_var_5,LM2,Lower midland with medium potential,"[""Use improved varieties"", ""Conserve moisture"", ""Crop rotation"", ""Integrated pest management"", ""Apply organic matter""]",metric,Highly Suitable for LM2,14,10,22,8,False,35.50441850927174,kg/ha,107,days,8,3,23,11,Low,Medium,"loam, clay loam",5.5-7.5,Low,18-30,3.0-8.0,Good market demand in flood-prone regions,Suitable for LM2 with Low flood tolerance,FAO,1.0,CC-BY
d48e4241-398f-41ea-bea0-6c19fe066a93,Kenya,Maize,Zea mays,Maize_var_1,LM3,Lower midland with low potential,"[""Use improved varieties"", ""Conserve moisture"", ""Crop rotation"", ""Integrated pest management"", ""Apply organic matter""]",metric,Suitable for LM3,5,6,16,1,False,40.06726301247724,kg/ha,64,days,12,12,19,7,Low,Medium,"loam, clay loam",5.5-7.5,Low,18-30,3.0-8.0,Good market demand in flood-prone regions,Suitable for LM3 with Low flood tolerance,KALRO,1.0,CC-BY
2e82e9a0-f008-475e-adb0-2b30ab19a811,Kenya,Maize,Zea mays,Maize_var_3,AL1,Arid/Semi-arid with low livestock production,"[""Use improved varieties"", ""Conserve moisture"", ""Crop rotation"", ""Integrated pest management"", ""Apply organic matter""]",metric,Suitable for AL1,8,11,20,5,False,20.651737209305924,kg/ha,108,days,9,8,15,7,Low,Medium,"loam, clay loam",5.5-7.5,Low,18-30,3.0-8.0,Good market demand in flood-prone regions,Suitable for AL1 with Low flood tolerance,KALRO,1.0,CC-BY
b19de9e2-2eb7-4193-a967-7b5a41118382,Kenya,Maize,Zea mays,Maize_var_4,AL2,Arid/Semi-arid with very low production,"[""Use improved varieties"", ""Conserve moisture"", ""Crop rotation"", ""Integrated pest management"", ""Apply organic matter""]",metric,Highly Suitable for AL2,13,10,23,12,False,16.355052308847906,kg/ha,122,days,11,9,25,4,Low,Medium,"loam, clay loam",5.5-7.5,Low,18-30,3.0-8.0,Good market demand in flood-prone regions,Suitable for AL2 with Low flood tolerance,KALRO,1.0,CC-BY
49c88a4a-79dc-4035-9271-9b2c62f31d52,Kenya,Beans,Phaseolus vulgaris,Beans_var_5,LH1,Maize/Coffee/Tea Highland with high production potential,"[""Use improved varieties"", ""Conserve moisture"", ""Crop rotation"", ""Integrated pest management"", ""Apply organic matter""]",metric,Highly Suitable for LH1,2,8,28,3,False,32.37375503778603,kg/ha,131,days,6,10,18,4,Low,Medium,"loam, sandy loam",5.5-7.5,Low,15-30,1.0-2.5,Good market demand in flood-prone regions,Suitable for LH1 with Low flood tolerance,FAO,1.0,CC-BY
c7eb6d53-713a-4d22-96b7-be2af7f32538,Kenya,Beans,Phaseolus vulgaris,Beans_var_4,LH2,Maize/Coffee/Tea Highland with medium production potential,"[""Use improved varieties"", ""Conserve moisture"", ""Crop rotation"", ""Integrated pest management"", ""Apply organic matter""]",metric,Moderately Suitable for LH2,10,1,20,4,False,28.95038727549018,kg/ha,91,days,8,5,26,12,Low,Medium,"loam, sandy loam",5.5-7.5,Low,15-30,1.0-2.5,Good market demand in flood-prone regions,Suitable for LH2 with Low flood tolerance,KALRO,1.0,CC-BY
97072b8a-b0b4-4efa-bfe8-89b1d847f878,Kenya,Beans,Phaseolus vulgaris,Beans_var_3,LH3,Maize/Coffee/Tea Highland with low production potential,"[""Use improved varieties"", ""Conserve moisture"", ""Crop rotation"", ""Integrated pest management"", ""Apply organic matter""]",metric,Suitable for LH3,8,12,27,5,False,35.62666482530172,kg/ha,148,days,14,1,20,5,Low,Medium,"loam, sandy loam",5.5-7.5,Low,15-30,1.0-2.5,Good market demand in flood-prone regions,Suitable for LH3 with Low flood tolerance,KALRO,1.0,CC-BY
5b1b55d7-e6fd-4221-b438-2e5082f77ff2,Kenya,Beans,Phaseolus vulgaris,Beans_var_2,UM1,Upper midland with high potential for cash crops,"[""Use improved varieties"", ""Conserve moisture"", ""Crop rotation"", ""Integrated pest management"", ""Apply organic matter""]",metric,Suitable for UM1,9,7,24,8,False,27.374596102567722,kg/ha,161,days,10,11,19,8,Low,Medium,"loam, sandy loam",5.5-7.5,Low,15-30,1.0-2.5,Good market demand in flood-prone regions,Suitable for UM1 with Low flood tolerance,literature,1.0,CC-BY
a8a0a558-3c1d-471a-9003-037fa1554d72,Kenya,Beans,Phaseolus vulgaris,Beans_var_3,UM2,Upper midland with medium potential,"[""Use improved varieties"", ""Conserve moisture"", ""Crop rotation"", ""Integrated pest management"", ""Apply organic matter""]",metric,Moderately Suitable for UM2,14,8,18,6,False,27.67910771000515,kg/ha,133,days,1,7,20,7,Low,Medium,"loam, sandy loam",5.5-7.5,Low,15-30,1.0-2.5,Good market demand in flood-prone regions,Suitable for UM2 with Low flood tolerance,FAO,1.0,CC-BY
e8e9cd04-c1f1-41ee-a6b8-f1c2307f1cd4,Kenya,Beans,Phaseolus vulgaris,Beans_var_4,UM3,Upper midland with low potential,"[""Use improved varieties"", ""Conserve moisture"", ""Crop rotation"", ""Integrated pest management"", ""Apply organic matter""]",metric,Moderately Suitable for UM3,15,5,23,9,False,42.04254491775618,kg/ha,97,days,3,7,26,9,Low,Medium,"loam, sandy loam",5.5-7.5,Low,15-30,1.0-2.5,Good market demand in flood-prone regions,Suitable for UM3 with Low flood tolerance,literature,1.0,CC-BY
41ef133c-cd0b-4768-8e86-a0d7ef9cb859,Kenya,Beans,Phaseolus vulgaris,Beans_var_1,LM1,Lower midland with high potential for maize/cotton,"[""Use improved varieties"", ""Conserve moisture"", ""Crop rotation"", ""Integrated pest management"", ""Apply organic matter""]",metric,Suitable for LM1,5,4,25,11,False,42.2465093442142,kg/ha,91,days,15,5,25,2,Low,Medium,"loam, sandy loam",5.5-7.5,Low,15-30,1.0-2.5,Good market demand in flood-prone regions,Suitable for LM1 with Low flood tolerance,FAO,1.0,CC-BY
d61579b1-f713-4a66-98ec-2911505f6ed8,Kenya,Beans,Phaseolus vulgaris,Beans_var_1,LM2,Lower midland with medium potential,"[""Use improved varieties"", ""Conserve moisture"", ""Crop rotation"", ""Integrated pest management"", ""Apply organic matter""]",metric,Moderately Suitable for LM2,4,11,18,11,False,49.61917162855747,kg/ha,136,days,4,12,28,10,Low,Medium,"loam, sandy loam",5.5-7.5,Low,15-30,1.0-2.5,Good market demand in flood-prone regions,Suitable for LM2 with Low flood tolerance,KALRO,1.0,CC-BY
b5dc868b-838d-4ffd-a9cf-3a2bb4086635,Kenya,Beans,Phaseolus vulgaris,Beans_var_1,LM3,Lower midland with low potential,"[""Use improved varieties"", ""Conserve moisture"", ""Crop rotation"", ""Integrated pest management"", ""Apply organic matter""]",metric,Moderately Suitable for LM3,9,11,23,8,False,25.036659828956942,kg/ha,116,days,4,8,17,7,Low,Medium,"loam, sandy loam",5.5-7.5,Low,15-30,1.0-2.5,Good market demand in flood-prone regions,Suitable for LM3 with Low flood tolerance,literature,1.0,CC-BY
5372d136-ad2a-4f61-82d4-c7db96f6e194,Kenya,Beans,Phaseolus vulgaris,Beans_var_3,AL1,Arid/Semi-arid with low livestock production,"[""Use improved varieties"", ""Conserve moisture"", ""Crop rotation"", ""Integrated pest management"", ""Apply organic matter""]",metric,Moderately Suitable for AL1,1,1,22,4,False,16.615456387974294,kg/ha,72,days,5,10,28,2,Low,Medium,"loam, sandy loam",5.5-7.5,Low,15-30,1.0-2.5,Good market demand in flood-prone regions,Suitable for AL1 with Low flood tolerance,FAO,1.0,CC-BY
1229a0ff-393f-406a-9af2-8a323c67db86,Kenya,Beans,Phaseolus vulgaris,Beans_var_5,AL2,Arid/Semi-arid with very low production,"[""Use improved varieties"", ""Conserve moisture"", ""Crop rotation"", ""Integrated pest management"", ""Apply organic matter""]",metric,Moderately Suitable for AL2,1,12,18,3,False,24.516325468859236,kg/ha,111,days,6,3,27,5,Low,Medium,"loam, sandy loam",5.5-7.5,Low,15-30,1.0-2.5,Good market demand in flood-prone regions,Suitable for AL2 with Low flood tolerance,FAO,1.0,CC-BY
e92d0897-40d9-4f10-8d08-157cd998a521,Kenya,Cassava,Manihot esculenta,Cassava_var_5,LH1,Maize/Coffee/Tea Highland with high production potential,"[""Use improved varieties"", ""Conserve moisture"", ""Crop rotation"", ""Integrated pest management"", ""Apply organic matter""]",metric,Suitable for LH1,2,1,16,9,False,46.436934783372436,kg/ha,121,days,2,12,24,9,Medium,High,"sandy, sandy loam",5.5-7.5,Medium,18-32,5.0-12.0,Good market demand in flood-prone regions,Suitable for LH1 with Medium flood tolerance,FAO,1.0,CC-BY
0a5b8a66-c7bb-4299-9325-f6aa1a939f7c,Kenya,Cassava,Manihot esculenta,Cassava_var_4,LH2,Maize/Coffee/Tea Highland with medium production potential,"[""Use improved varieties"", ""Conserve moisture"", ""Crop rotation"", ""Integrated pest management"", ""Apply organic matter""]",metric,Highly Suitable for LH2,5,9,23,12,False,31.79850481116964,kg/ha,87,days,12,7,28,5,Medium,High,"sandy, sandy loam",5.5-7.5,Medium,18-32,5.0-12.0,Good market demand in flood-prone regions,Suitable for LH2 with Medium flood tolerance,FAO,1.0,CC-BY
f85d9500-bbf1-469d-8a8e-aac0c6c5c04c,Kenya,Cassava,Manihot esculenta,Cassava_var_5,LH3,Maize/Coffee/Tea Highland with low production potential,"[""Use improved varieties"", ""Conserve moisture"", ""Crop rotation"", ""Integrated pest management"", ""Apply organic matter""]",metric,Highly Suitable for LH3,3,3,21,9,False,34.441026063156414,kg/ha,120,days,11,5,26,12,Medium,High,"sandy, sandy loam",5.5-7.5,Medium,18-32,5.0-12.0,Good market demand in flood-prone regions,Suitable for LH3 with Medium flood tolerance,literature,1.0,CC-BY
2d848596-e266-4ad9-819a-628f71b96b83,Kenya,Cassava,Manihot esculenta,Cassava_var_4,UM1,Upper midland with high potential for cash crops,"[""Use improved varieties"", ""Conserve moisture"", ""Crop rotation"", ""Integrated pest management"", ""Apply organic matter""]",metric,Highly Suitable for UM1,10,11,21,7,False,31.554308634306803,kg/ha,162,days,10,12,28,8,Medium,High,"sandy, sandy loam",5.5-7.5,Medium,18-32,5.0-12.0,Good market demand in flood-prone regions,Suitable for UM1 with Medium flood tolerance,KALRO,1.0,CC-BY
331c5202-dba7-4b21-92c2-008d4acc8b7a,Kenya,Cassava,Manihot esculenta,Cassava_var_1,UM2,Upper midland with medium potential,"[""Use improved varieties"", ""Conserve moisture"", ""Crop rotation"", ""Integrated pest management"", ""Apply organic matter""]",metric,Highly Suitable for UM2,7,6,25,4,False,19.46374148592365,kg/ha,161,days,3,12,25,3,Medium,High,"sandy, sandy loam",5.5-7.5,Medium,18-32,5.0-12.0,Good market demand in flood-prone regions,Suitable for UM2 with Medium flood tolerance,literature,1.0,CC-BY
44844594-67bb-462d-9427-dd5d4f37a2e6,Kenya,Cassava,Manihot esculenta,Cassava_var_1,UM3,Upper midland with low potential,"[""Use improved varieties"", ""Conserve moisture"", ""Crop rotation"", ""Integrated pest management"", ""Apply organic matter""]",metric,Suitable for UM3,10,11,26,11,False,24.37150836867172,kg/ha,70,days,3,12,20,11,Medium,High,"sandy, sandy loam",5.5-7.5,Medium,18-32,5.0-12.0,Good market demand in flood-prone regions,Suitable for UM3 with Medium flood tolerance,KALRO,1.0,CC-BY
f814982d-01ec-4607-ac3a-3db68c959ae9,Kenya,Cassava,Manihot esculenta,Cassava_var_5,LM1,Lower midland with high potential for maize/cotton,"[""Use improved varieties"", ""Conserve moisture"", ""Crop rotation"", ""Integrated pest management"", ""Apply organic matter""]",metric,Highly Suitable for LM1,4,8,26,1,False,40.81541704268853,kg/ha,72,days,11,12,25,7,Medium,High,"sandy, sandy loam",5.5-7.5,Medium,18-32,5.0-12.0,Good market demand in flood-prone regions,Suitable for LM1 with Medium flood tolerance,literature,1.0,CC-BY
fcf3d9ac-2195-4a25-b387-629f4a4ec42d,Kenya,Cassava,Manihot esculenta,Cassava_var_2,LM2,Lower midland with medium potential,"[""Use improved varieties"", ""Conserve moisture"", ""Crop rotation"", ""Integrated pest management"", ""Apply organic matter""]",metric,Moderately Suitable for LM2,8,10,24,7,False,40.965798499311234,kg/ha,99,days,6,2,16,2,Medium,High,"sandy, sandy loam",5.5-7.5,Medium,18-32,5.0-12.0,Good market demand in flood-prone regions,Suitable for LM2 with Medium flood tolerance,FAO,1.0,CC-BY
b51039df-9c75-4e78-b0ec-2a7cdd147b67,Kenya,Cassava,Manihot esculenta,Cassava_var_1,LM3,Lower midland with low potential,"[""Use improved varieties"", ""Conserve moisture"", ""Crop rotation"", ""Integrated pest management"", ""Apply organic matter""]",metric,Highly Suitable for LM3,1,7,26,7,False,39.22953726217379,kg/ha,80,days,1,6,23,3,Medium,High,"sandy, sandy loam",5.5-7.5,Medium,18-32,5.0-12.0,Good market demand in flood-prone regions,Suitable for LM3 with Medium flood tolerance,FAO,1.0,CC-BY
0d446ed8-24e4-4c37-8861-77bf6771433b,Kenya,Cassava,Manihot esculenta,Cassava_var_4,AL1,Arid/Semi-arid with low livestock production,"[""Use improved varieties"", ""Conserve moisture"", ""Crop rotation"", ""Integrated pest management"", ""Apply organic matter""]",metric,Moderately Suitable for AL1,14,1,28,11,False,34.12689506725818,kg/ha,102,days,2,7,18,2,Medium,High,"sandy, sandy loam",5.5-7.5,Medium,18-32,5.0-12.0,Good market demand in flood-prone regions,Suitable for AL1 with Medium flood tolerance,literature,1.0,CC-BY
eeb86c97-7057-4ba5-a3ae-53ec39b5c798,Kenya,Cassava,Manihot esculenta,Cassava_var_5,AL2,Arid/Semi-arid with very low production,"[""Use improved varieties"", ""Conserve moisture"", ""Crop rotation"", ""Integrated pest management"", ""Apply organic matter""]",metric,Highly Suitable for AL2,1,8,27,8,False,27.259012017325198,kg/ha,135,days,9,12,17,10,Medium,High,"sandy, sandy loam",5.5-7.5,Medium,18-32,5.0-12.0,Good market demand in flood-prone regions,Suitable for AL2 with Medium flood tolerance,FAO,1.0,CC-BY
b4627b66-8378-4799-aade-b581abdac8be,Kenya,Finger Millet,Eleusine coracana,Finger Millet_var_5,LH1,Maize/Coffee/Tea Highland with high production potential,"[""Use improved varieties"", ""Conserve moisture"", ""Crop rotation"", ""Integrated pest management"", ""Apply organic matter""]",metric,Moderately Suitable for LH1,11,6,20,9,False,28.18491005646692,kg/ha,165,days,7,5,23,8,Low,High,"loam, sandy loam",5.5-7.5,Low,18-30,0.8-2.0,Good market demand in flood-prone regions,Suitable for LH1 with Low flood tolerance,KALRO,1.0,CC-BY
cc70ec86-8f30-4d6c-addd-1a3163f67246,Kenya,Finger Millet,Eleusine coracana,Finger Millet_var_2,LH2,Maize/Coffee/Tea Highland with medium production potential,"[""Use improved varieties"", ""Conserve moisture"", ""Crop rotation"", ""Integrated pest management"", ""Apply organic matter""]",metric,Highly Suitable for LH2,10,6,21,2,False,49.215589923757086,kg/ha,97,days,2,12,16,11,Low,High,"loam, sandy loam",5.5-7.5,Low,18-30,0.8-2.0,Good market demand in flood-prone regions,Suitable for LH2 with Low flood tolerance,KALRO,1.0,CC-BY
d2cbfdc2-61fa-4080-b89d-5f04569ed317,Kenya,Finger Millet,Eleusine coracana,Finger Millet_var_5,LH3,Maize/Coffee/Tea Highland with low production potential,"[""Use improved varieties"", ""Conserve moisture"", ""Crop rotation"", ""Integrated pest management"", ""Apply organic matter""]",metric,Highly Suitable for LH3,11,8,24,8,False,29.8998115054872,kg/ha,77,days,8,4,15,2,Low,High,"loam, sandy loam",5.5-7.5,Low,18-30,0.8-2.0,Good market demand in flood-prone regions,Suitable for LH3 with Low flood tolerance,FAO,1.0,CC-BY
2e850788-41e7-4034-9f26-321b2e4d78aa,Kenya,Finger Millet,Eleusine coracana,Finger Millet_var_1,UM1,Upper midland with high potential for cash crops,"[""Use improved varieties"", ""Conserve moisture"", ""Crop rotation"", ""Integrated pest management"", ""Apply organic matter""]",metric,Highly Suitable for UM1,2,1,23,7,False,49.04395540615174,kg/ha,103,days,9,12,28,5,Low,High,"loam, sandy loam",5.5-7.5,Low,18-30,0.8-2.0,Good market demand in flood-prone regions,Suitable for UM1 with Low flood tolerance,KALRO,1.0,CC-BY
4002b82b-929d-44f4-9adb-3cf1a23ae9b6,Kenya,Finger Millet,Eleusine coracana,Finger Millet_var_1,UM2,Upper midland with medium potential,"[""Use improved varieties"", ""Conserve moisture"", ""Crop rotation"", ""Integrated pest management"", ""Apply organic matter""]",metric,Suitable for UM2,9,8,17,3,False,43.53030822164451,kg/ha,135,days,2,8,15,4,Low,High,"loam, sandy loam",5.5-7.5,Low,18-30,0.8-2.0,Good market demand in flood-prone regions,Suitable for UM2 with Low flood tolerance,FAO,1.0,CC-BY
7cf0271f-eb8f-4402-88ed-0b7b7db75143,Kenya,Finger Millet,Eleusine coracana,Finger Millet_var_1,UM3,Upper midland with low potential,"[""Use improved varieties"", ""Conserve moisture"", ""Crop rotation"", ""Integrated pest management"", ""Apply organic matter""]",metric,Suitable for UM3,5,12,19,5,False,36.133806568718626,kg/ha,144,days,1,1,19,10,Low,High,"loam, sandy loam",5.5-7.5,Low,18-30,0.8-2.0,Good market demand in flood-prone regions,Suitable for UM3 with Low flood tolerance,KALRO,1.0,CC-BY
612c92f9-5930-4f7b-9d83-35e4fbffada3,Kenya,Finger Millet,Eleusine coracana,Finger Millet_var_3,LM1,Lower midland with high potential for maize/cotton,"[""Use improved varieties"", ""Conserve moisture"", ""Crop rotation"", ""Integrated pest management"", ""Apply organic matter""]",metric,Highly Suitable for LM1,6,3,24,12,False,17.856394814201547,kg/ha,82,days,14,4,18,1,Low,High,"loam, sandy loam",5.5-7.5,Low,18-30,0.8-2.0,Good market demand in flood-prone regions,Suitable for LM1 with Low flood tolerance,FAO,1.0,CC-BY
fcdf6083-0ab9-4c6c-9530-37a530a91c8a,Kenya,Finger Millet,Eleusine coracana,Finger Millet_var_1,LM2,Lower midland with medium potential,"[""Use improved varieties"", ""Conserve moisture"", ""Crop rotation"", ""Integrated pest management"", ""Apply organic matter""]",metric,Suitable for LM2,3,7,24,4,False,48.81040697463928,kg/ha,68,days,8,9,23,10,Low,High,"loam, sandy loam",5.5-7.5,Low,18-30,0.8-2.0,Good market demand in flood-prone regions,Suitable for LM2 with Low flood tolerance,literature,1.0,CC-BY
e199406f-c0c4-43cb-80e2-a7e15d2db0e6,Kenya,Finger Millet,Eleusine coracana,Finger Millet_var_3,LM3,Lower midland with low potential,"[""Use improved varieties"", ""Conserve moisture"", ""Crop rotation"", ""Integrated pest management"", ""Apply organic matter""]",metric,Suitable for LM3,15,11,25,8,False,40.81061528422953,kg/ha,66,days,6,3,19,4,Low,High,"loam, sandy loam",5.5-7.5,Low,18-30,0.8-2.0,Good market demand in flood-prone regions,Suitable for LM3 with Low flood tolerance,KALRO,1.0,CC-BY
609c83f3-2d3c-405c-b364-cf5bc386d177,Kenya,Finger Millet,Eleusine coracana,Finger Millet_var_2,AL1,Arid/Semi-arid with low livestock production,"[""Use improved varieties"", ""Conserve moisture"", ""Crop rotation"", ""Integrated pest management"", ""Apply organic matter""]",metric,Highly Suitable for AL1,3,2,17,5,False,30.83550289080954,kg/ha,65,days,13,11,21,1,Low,High,"loam, sandy loam",5.5-7.5,Low,18-30,0.8-2.0,Good market demand in flood-prone regions,Suitable for AL1 with Low flood tolerance,KALRO,1.0,CC-BY
f558c3ad-ea07-40a8-9b2f-c191884ed001,Kenya,Finger Millet,Eleusine coracana,Finger Millet_var_1,AL2,Arid/Semi-arid with very low production,"[""Use improved varieties"", ""Conserve moisture"", ""Crop rotation"", ""Integrated pest management"", ""Apply organic matter""]",metric,Suitable for AL2,5,2,24,5,False,40.445927248625466,kg/ha,68,days,13,4,16,10,Low,High,"loam, sandy loam",5.5-7.5,Low,18-30,0.8-2.0,Good market demand in flood-prone regions,Suitable for AL2 with Low flood tolerance,KALRO,1.0,CC-BY
